EffectGroupKey,EffectInstanceKey,ParamKey,ParamValue
string,string,string,string
BEIGE_ICE_COLD_ACCUMULATION_EFFECTS,SET_COLD_MAX,resource_key,COLD
BEIGE_ICE_COLD_ACCUMULATION_EFFECTS,SET_COLD_MAX,max_value,20
BEIGE_ICE_COLD_ACCUMULATION_EFFECTS,COLD_DECAY,resource_key,COLD
BEIGE_ICE_COLD_ACCUMULATION_EFFECTS,COLD_DECAY,amount,-1
BEIGE_ICE_COLD_ACCUMULATION_EFFECTS,COLD_BACKLASH_HIGH,condition_resource_key,COLD
BEIGE_ICE_COLD_ACCUMULATION_EFFECTS,COLD_BACKLASH_HIGH,threshold_ratio,0.9
BEIGE_ICE_COLD_ACCUMULATION_EFFECTS,COLD_BACKLASH_HIGH,damage_grade,HIGH
BEIGE_ICE_COLD_ACCUMULATION_EFFECTS,COLD_BACKLASH_HIGH,base_value,20
BEIGE_ICE_COLD_ACCUMULATION_EFFECTS,COLD_BACKLASH_HIGH,blocked_by_status,BEIGE_ICE_COLD_HARD_WORKER_IGNORE_COLD_BACKLASH
BEIGE_ICE_COLD_ACCUMULATION_EFFECTS,COLD_BACKLASH_LOW,condition_resource_key,COLD
BEIGE_ICE_COLD_ACCUMULATION_EFFECTS,COLD_BACKLASH_LOW,threshold_ratio,0.7
BEIGE_ICE_COLD_ACCUMULATION_EFFECTS,COLD_BACKLASH_LOW,damage_grade,LOW
BEIGE_ICE_COLD_ACCUMULATION_EFFECTS,COLD_BACKLASH_LOW,base_value,10
BEIGE_ICE_COLD_ACCUMULATION_EFFECTS,COLD_BACKLASH_LOW,blocked_by_status,BEIGE_ICE_COLD_HARD_WORKER_IGNORE_COLD_BACKLASH
BEIGE_ICE_ICE_BOLT_EFFECTS,DEAL_DAMAGE,base_value,10
BEIGE_ICE_ICE_BOLT_EFFECTS,DEAL_DAMAGE,scaling_stat,SPELL
BEIGE_ICE_ICE_BOLT_EFFECTS,DEAL_DAMAGE,coefficient,1
BEIGE_ICE_ICE_BOLT_EFFECTS,DEAL_DAMAGE,damage_type,MAGIC
BEIGE_ICE_ICE_BOLT_EFFECTS,ADD_COLD_ON_CAST,resource_key,COLD
BEIGE_ICE_ICE_BOLT_EFFECTS,ADD_COLD_ON_CAST,amount,1
BEIGE_ICE_ICE_SHIELD_EFFECTS,APPLY_ICE_BARRIER,base_value,20
BEIGE_ICE_ICE_SHIELD_EFFECTS,APPLY_ICE_BARRIER,scaling_stat,SPELL
BEIGE_ICE_ICE_SHIELD_EFFECTS,APPLY_ICE_BARRIER,coefficient,0.8
BEIGE_ICE_ICE_SHIELD_EFFECTS,APPLY_ICE_BARRIER,duration_turns,2
BEIGE_ICE_ICE_SHIELD_EFFECTS,ADD_COLD_ON_CAST,resource_key,COLD
BEIGE_ICE_ICE_SHIELD_EFFECTS,ADD_COLD_ON_CAST,amount,1
BEIGE_ICE_ICE_SHIELD_EFFECTS,BARRIER_BREAK_FROSTBITE,status_key,FROSTBITE
BEIGE_ICE_ICE_SHIELD_EFFECTS,BARRIER_BREAK_FROSTBITE,stack_delta,1
BEIGE_ICE_HAIL_EFFECTS,ADD_COLD_ON_CAST,resource_key,COLD
BEIGE_ICE_HAIL_EFFECTS,ADD_COLD_ON_CAST,amount,3
BEIGE_ICE_HAIL_EFFECTS,NORMAL_TILE_TO_ICE,tile_filter,NORMAL
BEIGE_ICE_HAIL_EFFECTS,NORMAL_TILE_TO_ICE,overlay_type,ICE
BEIGE_ICE_HAIL_EFFECTS,WATER_AREA_TO_ICE,tile_filter,WATER
BEIGE_ICE_HAIL_EFFECTS,WATER_AREA_TO_ICE,overlay_type,ICE
BEIGE_ICE_HAIL_EFFECTS,DEAL_DAMAGE_ON_HIT,base_value,10
BEIGE_ICE_HAIL_EFFECTS,DEAL_DAMAGE_ON_HIT,scaling_stat,SPELL
BEIGE_ICE_HAIL_EFFECTS,DEAL_DAMAGE_ON_HIT,coefficient,0.8
BEIGE_ICE_HAIL_EFFECTS,DEAL_DAMAGE_ON_HIT,damage_type,MAGIC
BEIGE_ICE_HAIL_EFFECTS,HIT_TARGET_FROSTBITE,status_key,FROSTBITE
BEIGE_ICE_HAIL_EFFECTS,HIT_TARGET_FROSTBITE,stack_delta,1
BEIGE_ICE_STORM_CENTER_EFFECTS,TOGGLE_STORM_AURA,aura_radius,1
BEIGE_ICE_STORM_CENTER_EFFECTS,AURA_DAMAGE_TICK,base_value,8
BEIGE_ICE_STORM_CENTER_EFFECTS,AURA_DAMAGE_TICK,scaling_stat,SPELL
BEIGE_ICE_STORM_CENTER_EFFECTS,AURA_DAMAGE_TICK,coefficient,0.6
BEIGE_ICE_STORM_CENTER_EFFECTS,AURA_DAMAGE_TICK,damage_type,MAGIC
BEIGE_ICE_STORM_CENTER_EFFECTS,AURA_FROSTBITE_TICK,status_key,FROSTBITE
BEIGE_ICE_STORM_CENTER_EFFECTS,AURA_FROSTBITE_TICK,stack_delta,1
BEIGE_ICE_STORM_CENTER_EFFECTS,AURA_COLD_TICK,resource_key,COLD
BEIGE_ICE_STORM_CENTER_EFFECTS,AURA_COLD_TICK,amount,2
BEIGE_ICE_COLD_HARD_WORKER_EFFECTS,APPLY_COLD_BACKLASH_IMMUNITY,duration_turns,3
BEIGE_ICE_COLD_HARD_WORKER_EFFECTS,APPLY_COLD_BACKLASH_IMMUNITY,status_key,BEIGE_ICE_COLD_HARD_WORKER_IGNORE_COLD_BACKLASH
BEIGE_ICE_COLD_HARD_WORKER_EFFECTS,APPLY_EMPOWERED,duration_turns,3
BEIGE_ICE_COLD_HARD_WORKER_EFFECTS,APPLY_EMPOWERED,status_key,BEIGE_ICE_COLD_HARD_WORKER_EMPOWERED
BEIGE_ICE_COLD_HARD_WORKER_EFFECTS,ADD_ICE_BOLT_DAMAGE_MODIFIER,modifier_type,DAMAGE_MULTIPLIER
BEIGE_ICE_COLD_HARD_WORKER_EFFECTS,ADD_ICE_BOLT_DAMAGE_MODIFIER,multiplier,2
BEIGE_ICE_COLD_HARD_WORKER_EFFECTS,ADD_ICE_BOLT_DAMAGE_MODIFIER,required_status_key,BEIGE_ICE_COLD_HARD_WORKER_EMPOWERED
BEIGE_ICE_COLD_HARD_WORKER_EFFECTS,ADD_ICE_SHIELD_TARGET_MODIFIER,modifier_type,EXTRA_TARGET_COUNT
BEIGE_ICE_COLD_HARD_WORKER_EFFECTS,ADD_ICE_SHIELD_TARGET_MODIFIER,extra_targets,1
BEIGE_ICE_COLD_HARD_WORKER_EFFECTS,ADD_ICE_SHIELD_TARGET_MODIFIER,required_status_key,BEIGE_ICE_COLD_HARD_WORKER_EMPOWERED
BEIGE_ICE_COLD_HARD_WORKER_EFFECTS,ADD_HAIL_SHAPE_MODIFIER,modifier_type,TARGET_SHAPE_OVERRIDE
BEIGE_ICE_COLD_HARD_WORKER_EFFECTS,ADD_HAIL_SHAPE_MODIFIER,shape,TRIANGLE_3
BEIGE_ICE_COLD_HARD_WORKER_EFFECTS,ADD_HAIL_SHAPE_MODIFIER,required_status_key,BEIGE_ICE_COLD_HARD_WORKER_EMPOWERED
BEIGE_ICE_COLD_HARD_WORKER_EFFECTS,ADD_STORM_AURA_MODIFIER,modifier_type,AURA_RADIUS_DELTA
BEIGE_ICE_COLD_HARD_WORKER_EFFECTS,ADD_STORM_AURA_MODIFIER,radius_delta,1
BEIGE_ICE_COLD_HARD_WORKER_EFFECTS,ADD_STORM_AURA_MODIFIER,required_status_key,BEIGE_ICE_COLD_HARD_WORKER_EMPOWERED
BEIGE_ICE_THAWING_POTION_EFFECTS,HALVE_COLD_STACK,resource_key,COLD
BEIGE_ICE_THAWING_POTION_EFFECTS,HALVE_COLD_STACK,operation,MULTIPLY
BEIGE_ICE_THAWING_POTION_EFFECTS,HALVE_COLD_STACK,multiplier,0.5
BEIGE_ICE_THAWING_POTION_EFFECTS,DAMAGE_DOWN,stat_key,DAMAGE_DEALT
BEIGE_ICE_THAWING_POTION_EFFECTS,DAMAGE_DOWN,modifier_type,ADD_RATIO
BEIGE_ICE_THAWING_POTION_EFFECTS,DAMAGE_DOWN,value,-0.1
BEIGE_ICE_THAWING_POTION_EFFECTS,DAMAGE_DOWN,duration_turns,2
